<?xml version="1.0" encoding="UTF-8"?>
<!-- Generated by eXe - http://exelearning.net -->
<manifest identifier="eXeNoName65f9720e28bc48406e1" xmlns="http://www.imsproject.org/xsd/imscp_rootv1p1p2" xmlns:adlcp="http://www.adlnet.org/xsd/adlcp_rootv1p2" xmlns:imsmd="http://www.imsglobal.org/xsd/imsmd_v1p2" xmlns:xsi="http://www.w3.org/2001/XMLSchema-instance" xsi:schemaLocation="http://www.imsproject.org/xsd/imscp_rootv1p1p2 imscp_rootv1p1p2.xsd http://www.imsglobal.org/xsd/imsmd_rootv1p2p1 imsmd_rootv1p2p1.xsd http://www.adlnet.org/xsd/adlcp_rootv1p2 adlcp_rootv1p2.xsd" > 
<metadata> 
 <schema>ADL SCORM</schema> 
 <schemaversion>1.2</schemaversion> 
 <adlcp:location>imslrm.xml</adlcp:location> 
</metadata> 
<organizations default="eXeNoName65f9720e28bc48406e2">  
    <organization identifier="eXeNoName65f9720e28bc48406e2" structure="hierarchical">
        <title>PORTADA</title>
<item identifier="ITEM-eXeNoName65f9720e28bc48406e3" isvisible="true" identifierref="RES-eXeNoName65f9720e28bc48406e4">
    <title>PORTADA</title>
<item identifier="ITEM-eXeNoName65f9720e28bc48406e5" isvisible="true" identifierref="RES-eXeNoName65f9720e28bc48406e6">
    <title>Metodología</title>
</item>
<item identifier="ITEM-eXeNoName65f9720e28bc48406f7" isvisible="true" identifierref="RES-eXeNoName65f9720e28bc48406f8">
    <title>Enlaces de interés</title>
<item identifier="ITEM-eXeNoName65f9720e28bc48406f9" isvisible="true" identifierref="RES-eXeNoName65f9720e28bc48406fa">
    <title>Webs y Apps</title>
</item>
</item>
<item identifier="ITEM-eXeNoName65f9720e28bc48406fb" isvisible="true" identifierref="RES-eXeNoName65f9720e28bc48406fc">
    <title>LÍNEA DEL TIEMPO</title>
</item>
<item identifier="ITEM-eXeNoName65f9720e28bc484070d" isvisible="true" identifierref="RES-eXeNoName65f9720e28bc484070e">
    <title>EVALUACIÓN</title>
<item identifier="ITEM-eXeNoName65f9720e28bc484070f" isvisible="true" identifierref="RES-eXeNoName65f9720e28bc48407010">
    <title>GUÍA DIDÁCTICA</title>
</item>
<item identifier="ITEM-eXeNoName65f9720e28bc48407011" isvisible="true" identifierref="RES-eXeNoName65f9720e28bc48407012">
    <title>Herramientas de evaluación</title>
</item>
</item>
<item identifier="ITEM-eXeNoName65f9720e28bc48407113" isvisible="true" identifierref="RES-eXeNoName65f9720e28bc48407114">
    <title>CRÉDITOS</title>
</item>
</item>
  </organization>
</organizations>
<resources>
  <resource identifier="RES-eXeNoName65f9720e28bc48406e4" type="webcontent" adlcp:scormtype="sco" href="index.html"> 
    <file href="index.html"/> 
    <file href="exe_html5.js"/>
    <dependency identifierref="COMMON_FILES"/>
  </resource>
  <resource identifier="RES-eXeNoName65f9720e28bc48406e6" type="webcontent" adlcp:scormtype="sco" href="metodologa.html"> 
    <file href="metodologa.html"/> 
    <file href="exe_html5.js"/>
    <file href="marvin_meyer_syto3xs06fu_unsplash.jpg"/>
    <dependency identifierref="COMMON_FILES"/>
  </resource>
  <resource identifier="RES-eXeNoName65f9720e28bc48406f8" type="webcontent" adlcp:scormtype="sco" href="enlaces_de_inters.html"> 
    <file href="enlaces_de_inters.html"/> 
    <file href="exe_html5.js"/>
    <dependency identifierref="COMMON_FILES"/>
  </resource>
  <resource identifier="RES-eXeNoName65f9720e28bc48406fa" type="webcontent" adlcp:scormtype="sco" href="webs_y_apps.html"> 
    <file href="webs_y_apps.html"/> 
    <file href="exe_html5.js"/>
    <dependency identifierref="COMMON_FILES"/>
  </resource>
  <resource identifier="RES-eXeNoName65f9720e28bc48406fc" type="webcontent" adlcp:scormtype="sco" href="lnea_del_tiempo.html"> 
    <file href="lnea_del_tiempo.html"/> 
    <file href="exe_html5.js"/>
    <file href="Linea tiempo.pdf"/>
    <file href="common.js"/>
    <dependency identifierref="COMMON_FILES"/>
  </resource>
  <resource identifier="RES-eXeNoName65f9720e28bc484070e" type="webcontent" adlcp:scormtype="sco" href="evaluacin.html"> 
    <file href="evaluacin.html"/> 
    <file href="exe_html5.js"/>
    <file href="udl-character-1.gif"/>
    <file href="udl-character-2.gif"/>
    <file href="udl-character-3.gif"/>
    <file href="udl-character-4.gif"/>
    <file href="udl-content.css"/>
    <file href="udl-content.js"/>
    <file href="udl-icons-sm.png"/>
    <file href="udl-icons.png"/>
    <dependency identifierref="COMMON_FILES"/>
  </resource>
  <resource identifier="RES-eXeNoName65f9720e28bc48407010" type="webcontent" adlcp:scormtype="sco" href="gua_didctica.html"> 
    <file href="gua_didctica.html"/> 
    <file href="exe_html5.js"/>
    <file href="Elementos curriculares.pdf"/>
    <dependency identifierref="COMMON_FILES"/>
  </resource>
  <resource identifier="RES-eXeNoName65f9720e28bc48407012" type="webcontent" adlcp:scormtype="sco" href="herramientas_de_evaluacin.html"> 
    <file href="herramientas_de_evaluacin.html"/> 
    <file href="exe_html5.js"/>
    <file href="Captura_de_Pantalla_2025-06-10_a_las_18.44.23.png"/>
    <file href="Captura_de_Pantalla_2025-06-10_a_las_18.38.35.png"/>
    <file href="Captura_de_Pantalla_2025-06-10_a_las_18.47.09.png"/>
    <dependency identifierref="COMMON_FILES"/>
  </resource>
  <resource identifier="RES-eXeNoName65f9720e28bc48407114" type="webcontent" adlcp:scormtype="sco" href="crditos.html"> 
    <file href="crditos.html"/> 
    <file href="exe_html5.js"/>
    <dependency identifierref="COMMON_FILES"/>
  </resource>
  <resource identifier="COMMON_FILES" type="webcontent" adlcp:scormtype="asset">
    <file href="icon_award.png"/>
    <file href="_intef_menu.gif"/>
    <file href="icon_puzzle.png"/>
    <file href="icon_edia.png"/>
    <file href="_intef_print.png"/>
    <file href="content.css"/>
    <file href="icon_stars.png"/>
    <file href="_intef_icons.png"/>
    <file href="_intef_licenses.gif"/>
    <file href="icon_write.png"/>
    <file href="icon_exe.png"/>
    <file href="icon_presentation.png"/>
    <file href="icon_telescope.png"/>
    <file href="EncodeSans-Light_vietnamese.woff2"/>
    <file href="icon_think.png"/>
    <file href="icon_knowledge.png"/>
    <file href="icon_share.png"/>
    <file href="icon_microphone.png"/>
    <file href="icon_atom.png"/>
    <file href="nav.css"/>
    <file href="icon_tree.png"/>
    <file href="icon_beach.png"/>
    <file href="icon_network.png"/>
    <file href="config.xml"/>
    <file href="icon_compass.png"/>
    <file href="icon_classroom.png"/>
    <file href="icon_free_license.png"/>
    <file href="_intef_js.js"/>
    <file href="_intef_header.png"/>
    <file href="_intef_footer.png"/>
    <file href="icon_etwinning.png"/>
    <file href="icon_footprints.png"/>
    <file href="EncodeSans-Light_latin.woff2"/>
    <file href="icon_bulb.png"/>
    <file href="icon_list.png"/>
    <file href="icon_camera.png"/>
    <file href="_intef_title_bg.png"/>
    <file href="icon_teacher_screen.png"/>
    <file href="icon_plus.png"/>
    <file href="EncodeSans-Light_latin-ext.woff2"/>
    <file href="_intef_bg.png"/>
    <file href="_intef_left_column.gif"/>
    <file href="icon_gears.png"/>
    <file href="icon_talk.png"/>
    <file href="base.css"/>
    <file href="popup_bg.gif"/>
    <file href="exe_powered_logo.png"/>
    <file href="SCORM_API_wrapper.js"/>
    <file href="SCOFunctions.js"/>
    <file href="common.js"/>
    <file href="common_i18n.js"/>
    <file href="exe_jquery.js"/>
    <file href="content.xsd"/>
    <file href="content.data"/>
    <file href="contentv3.xml"/>
    <file href="imslrm.xml"/>
  </resource>
</resources>
</manifest>
